name	misspell	state
Abbeville	Commonly misspelled as Abbevile	(Georgia, GA )
Abbeville	Commonly misspelled as Abeville	(Georgia, GA )
Abilene	Commonly misspelled as Abiline	(Texas, TX )
Adamsville	Commonly misspelled as Adamsvile	(Tennessee, TN )
Akron	Commonly misspelled as Acron	(Ohio, OH )
Alabaster	Commonly misspelled as Alabastre	(Alabama, AL )
Alameda	Commonly misspelled as Alamedda	(California, CA )
Alamosa	Commonly misspelled as Alamusa	(Colorado, CO )
Albany	Commonly misspelled as Allbany	(New York, NY )
Albany	Commonly misspelled as Albanee	(Oregon, OR )
Albany	Commonly misspelled as Albny	(Oregon, OR )
Albertville	Commonly misspelled as Albertvile	(Alabama, AL )
Albuquerque	Commonly misspelled as Abaquerque	(New Mexico, NM )
Albuquerque	Commonly misspelled as Albequerque	(New Mexico, NM )
Albuquerque	Commonly misspelled as Albuqerque	(New Mexico, NM )
Albuquerque	Commonly misspelled as Albuquerqe	(New Mexico, NM )
Algona	Commonly misspelled as Allgona	(Washington, WA )
Algona	Commonly misspelled as Allgona	(Iowa, IA )
Algonquin	Commonly misspelled as Algonkwen	(Illinois, IL )
Algonquin	Commonly misspelled as Algonkwin	(Illinois, IL )
Algonquin	Commonly misspelled as Algonquen	(Illinois, IL )
Allentown	Commonly misspelled as Alentown	(Pennsylvania, PA )
Alma	Commonly misspelled as Amla	(Arkansas, AR )
Anderson	Commonly misspelled as Andarson	(South Carolina, SC )
Ann Arbor	Commonly misspelled as An Arbor	(Michigan, MI )
Annapolis	Commonly misspelled as Anapolis	(Maryland, MD )
Anniston	Commonly misspelled as Aniston	(Alabama, AL )
Anoka	Commonly misspelled as Annoka	(Minnesota, MN )
Anthony	Commonly misspelled as Anthoy	(New Mexico, NM )
Apache Junction	Commonly misspelled as Apach Junction	(Arizona, AZ )
Apache Junction	Commonly misspelled as Apache Junktion	(Arizona, AZ )
Apex	Commonly misspelled as Apecks	(North Carolina, NC )
Apex	Commonly misspelled as Apexs	(North Carolina, NC )
Artesia	Commonly misspelled as Artesea	(Mississippi, MS )
Arvada	Commonly misspelled as Avrada	(Colorado, CO )
Arvada	Commonly misspelled as Rvada	(Colorado, CO )
Ashton	Commonly misspelled as Ashtown	(Idaho, ID )
Aspen	Commonly misspelled as Aspin	(Colorado, CO )
Athens	Commonly misspelled as Athins	(Georgia, GA )
Athol	Commonly misspelled as Atthol	(Massachusetts, MA )
Atlanta	Commonly misspelled as Altanta	(Georgia, GA )
Auburn	Commonly misspelled as Aburn	(Alabama, AL )
Auburn	Commonly misspelled as Aubern	(Washington, WA )
Auburn	Commonly misspelled as Uaburn	(Washington, WA )
Ault	Commonly misspelled as Alt	(Colorado, CO )
Ault	Commonly misspelled as Ult	(Colorado, CO )
Aurora	Commonly misspelled as Arora	(Colorado, CO )
Aurora	Commonly misspelled as Uarora	(Illinois, IL )
Austin	Commonly misspelled as Austen	(Texas, TX )
B
Bakersfield	Commonly misspelled as Bakersfeild	(California, CA )
Baltimore	Commonly misspelled as Baltimor	(Maryland, MD )
Bandera	Commonly misspelled as Bandere	(Texas, TX )
Bandera	Commonly misspelled as Bandira	(Texas, TX )
Bangor	Commonly misspelled as Banger	(Maine, ME )
Bardstown	Commonly misspelled as Bardston	(Kentucky, KY )
Barre	Commonly misspelled as Bare	(Vermont, VT )
Batavia	Commonly misspelled as Batevia	(Illinois, IL )
Baxter Springs	Commonly misspelled as Bakster Springs	(Kansas, KS )
Bayou La Batre	Commonly misspelled as Bayo La Bater	(Alabama, AL )
Bayou La Batre	Commonly misspelled as Bayo La Batre	(Alabama, AL )
Bayou La Batre	Commonly misspelled as Bayou La Bater	(Alabama, AL )
Bayou La Batre	Commonly misspelled as Bayuo La Batre	(Alabama, AL )
Bayou La Batre	Commonly misspelled as Boyu La Bater	(Alabama, AL )
Bayou La Batre	Commonly misspelled as Boyu La Batre	(Alabama, AL )
Beardstown	Commonly misspelled as Baerdstown	(Illinois, IL )
Beattie	Commonly misspelled as Baettie	(Kansas, KS )
Beattie	Commonly misspelled as Beatie	(Kansas, KS )
Beaver	Commonly misspelled as Beever	(Oklahoma, OK )
Beaver	Commonly misspelled as Bever	(Oklahoma, OK )
Bellevue	Commonly misspelled as Beleevue	(Washington, WA )
Bellevue	Commonly misspelled as Belleveu	(Washington, WA )
Bellingham	Commonly misspelled as Belingham	(Washington, WA )
Bellingham	Commonly misspelled as Belinghem	(Washington, WA )
Belzoni	Commonly misspelled as Belsoni	(Mississippi, MS )
Bemidji	Commonly misspelled as Bemedji	(Minnesota, MN )
Bemidji	Commonly misspelled as Bemidje	(Minnesota, MN )
Bemidji	Commonly misspelled as Bemidjee	(Minnesota, MN )
Berea	Commonly misspelled as Berae	(Kentucky, KY )
Berkeley	Commonly misspelled as Berkley	(California, CA )
Berkeley	Commonly misspelled as Berklui	(California, CA )
Berkeley	Commonly misspelled as Berkly	(California, CA )
Berlin	Commonly misspelled as Berlen	(New Hampshire, NH )
Berlin	Commonly misspelled as Burlin	(New Hampshire, NH )
Berrien Springs	Commonly misspelled as Berian Springs	(Michigan, MI )
Berrien Springs	Commonly misspelled as Brerrian Springs	(Michigan, MI )
Berryville	Commonly misspelled as Berryvile	(Arkansas, AR )
Berthoud	Commonly misspelled as Berthood	(Colorado, CO )
Berthoud	Commonly misspelled as Burthoud	(Colorado, CO )
Bertram	Commonly misspelled as Bertrim	(Texas, TX )
Bessemer	Commonly misspelled as Besemer	(Alabama, AL )
Bethany Beach	Commonly misspelled as Betheny Beach	(Delaware, DE )
Bethlehem	Commonly misspelled as Bethleham	(Connecticut, CT )
Bethlehem	Commonly misspelled as Bethleham	(Pennsylvania, PA )
Biloxi	Commonly misspelled as Bilcksi	(Mississippi, MS )
Biloxi	Commonly misspelled as Bilocksi	(Mississippi, MS )
Binghamton	Commonly misspelled as Bimghamton	(New York, NY )
Birmingham	Commonly misspelled as Bermingham	(Alabama, AL )
Birmingham	Commonly misspelled as Berminghum	(Alabama, AL )
Birmingham	Commonly misspelled as Birminghum	(Alabama, AL )
Birmingham	Commonly misspelled as Brimingham	(Alabama, AL )
Bishop	Commonly misspelled as Bisshop	(California, CA )
Bloomington	Commonly misspelled as Bloomingtown	(Illinois, IL )
Bluefield	Commonly misspelled as Bluefeild	(West Virginia, WV )
Boone	Commonly misspelled as Bonne	(North Carolina, NC )
Boston	Commonly misspelled as Bostun	(Massachusetts, MA )
Bothell	Commonly misspelled as Bothel	(Washington, WA )
Boulder	Commonly misspelled as Bolder	(Colorado, CO )
Bozeman	Commonly misspelled as Bozman	(Montana, MT )
Breaux Bridge	Commonly misspelled as Braeux Bridge	(Louisiana, LA )
Breckenridge	Commonly misspelled as Brekenridge	(Colorado, CO )
Brevard	Commonly misspelled as Breverd	(North Carolina, NC )
Bridgeport	Commonly misspelled as Brigdeport	(Connecticut, CT )
Brinkley	Commonly misspelled as Brinckley	(Arkansas, AR )
Bristol	Commonly misspelled as Bristel	(Tennessee, TN )
Bristol	Commonly misspelled as Bristil	(Tennessee, TN )
Bristol	Commonly misspelled as Bristal	(Connecticut, CT )
Bristol	Commonly misspelled as Bristel	(Connecticut, CT )
Bristol	Commonly misspelled as Bristel	(Virginia, VA )
Brockton	Commonly misspelled as Brocktun	(Massachusetts, MA )
Brockton	Commonly misspelled as Brocton	(Massachusetts, MA )
Brockton	Commonly misspelled as Brokton	(Massachusetts, MA )
Brooklyn	Commonly misspelled as Brooklen	(New York, NY )
Brunswick	Commonly misspelled as Brunswik	(Missouri, MO )
Buena Park	Commonly misspelled as Benua	(California, CA )
Buena Park	Commonly misspelled as Beuna	(California, CA )
Buena Park	Commonly misspelled as Bunena	(California, CA )
Buhl	Commonly misspelled as Buhll	(Idaho, ID )
Buhl	Commonly misspelled as Bulh	(Idaho, ID )
Buhl	Commonly misspelled as Bull	(Idaho, ID )
Burlington	Commonly misspelled as Berlington	(Vermont, VT )
Butte	Commonly misspelled as Bute	(Montana, MT )
Butte	Commonly misspelled as Butt	(Montana, MT )
Byram Township	Commonly misspelled as Biram Township	(New Jersey, NJ )
C
Calabash	Commonly misspelled as Kalabash	(North Carolina, NC )
Caldwell	Commonly misspelled as Callwel	(Texas, TX )
Caldwell	Commonly misspelled as Callwell	(Texas, TX )
Caldwell	Commonly misspelled as Calwel	(Texas, TX )
Campbell	Commonly misspelled as Campbel	(California, CA )
Campbell	Commonly misspelled as Campbele	(California, CA )
Canon	Commonly misspelled as Cannon	(Georgia, GA )
Carbondale	Commonly misspelled as Carbundale	(Colorado, CO )
Carrboro	Commonly misspelled as Carboro	(North Carolina, NC )
Carrboro	Commonly misspelled as Carrborro	(North Carolina, NC )
Castroville	Commonly misspelled as Castro Ville	(California, CA )
Castroville	Commonly misspelled as Castrovile	(California, CA )
Cawker City	Commonly misspelled as Carker City	(Kansas, KS )
Cedaredge	Commonly misspelled as Cederedge	(Colorado, CO )
Central City	Commonly misspelled as Centrel City	(Colorado, CO )
Chadbourn	Commonly misspelled as Chadborn	(North Carolina, NC )
Champaign-Urbana	Commonly misspelled as Champaign Urbana	(Illinois, IL )
Champaign-Urbana	Commonly misspelled as Champaigne-Urbana	(Illinois, IL )
Champaign-Urbana	Commonly misspelled as Champain -Urbana	(Illinois, IL )
Chandler	Commonly misspelled as Chandlur	(Arizona, AZ )
Charleston	Commonly misspelled as Charleton	(South Carolina, SC )
Charlotte	Commonly misspelled as Charlote	(North Carolina, NC )
Chatsworth	Commonly misspelled as Chatswoorth	(California, CA )
Chatsworth	Commonly misspelled as Chatswourth	(California, CA )
Chattanooga	Commonly misspelled as Chatanoga	(Tennessee, TN )
Chattanooga	Commonly misspelled as Chatanooga	(Tennessee, TN )
Chattanooga	Commonly misspelled as Chattanoga	(Tennessee, TN )
Cherryfield	Commonly misspelled as Cherryfeild	(Maine, ME )
Cheshire	Commonly misspelled as Chessire	(Connecticut, CT )
Cheyenne	Commonly misspelled as Cheyene	(Wyoming, WY )
Chicago	Commonly misspelled as Chicargo	(Illinois, IL )
Chico	Commonly misspelled as Checo	(California, CA )
Chico	Commonly misspelled as Cheico	(California, CA )
Chico	Commonly misspelled as Cheiko	(California, CA )
Chico	Commonly misspelled as Cheko	(California, CA )
Chico	Commonly misspelled as Chiko	(California, CA )
Chula Vista	Commonly misspelled as Chewla Vista	(California, CA )
Chula Vista	Commonly misspelled as Chola Vista	(California, CA )
Chula Vista	Commonly misspelled as Chuula Vista	(California, CA )
Churubusco	Commonly misspelled as Churobusco	(Indiana, IN )
Churubusco	Commonly misspelled as Churubesco	(Indiana, IN )
Cincinnati	Commonly misspelled as Cincinati	(Ohio, OH )
Cincinnati	Commonly misspelled as Cinsinati	(Ohio, OH )
Cincinnati	Commonly misspelled as Cinsinnati	(Ohio, OH )
Cincinnati	Commonly misspelled as Sincinati	(Ohio, OH )
Cincinnati	Commonly misspelled as Sincinnati	(Ohio, OH )
Cincinnati	Commonly misspelled as Sinsinati	(Ohio, OH )
Circleville	Commonly misspelled as Circlevile	(Ohio, OH )
Clark	Commonly misspelled as Clerk	(South Dakota, SD )
Clarksville	Commonly misspelled as Clarksvile	(Tennessee, TN )
Claxton	Commonly misspelled as Claxtown	(Georgia, GA )
Cleveland	Commonly misspelled as Clevland	(Ohio, OH )
Clifton	Commonly misspelled as Clefton	(Texas, TX )
Clifton	Commonly misspelled as Cliften	(Texas, TX )
Clifton	Commonly misspelled as Cliftin	(Texas, TX )
Clovis	Commonly misspelled as Cloves	(California, CA )
Clovis	Commonly misspelled as Kloves	(California, CA )
Clovis	Commonly misspelled as Klovis	(California, CA )
Coachella	Commonly misspelled as Coachela	(California, CA )
Coachella	Commonly misspelled as Coahcela	(California, CA )
Coachella	Commonly misspelled as Coahcella	(California, CA )
Coachella	Commonly misspelled as Cochela	(California, CA )
Coachella	Commonly misspelled as Cochella	(California, CA )
Coconut Creek	Commonly misspelled as Cocanut	(Florida, FL )
Cody	Commonly misspelled as Codee	(Wyoming, WY )
Cody	Commonly misspelled as Codi	(Wyoming, WY )
Collinsville	Commonly misspelled as Collinsvile	(Illinois, IL )
Colonial Beach	Commonly misspelled as Collonial Beach	(Virginia, VA )
Colquitt	Commonly misspelled as Colquit	(Georgia, GA )
Colquitt	Commonly misspelled as Culquitt	(Georgia, GA )
Columbia	Commonly misspelled as Columbea	(South Carolina, SC )
Columbia	Commonly misspelled as Clumbia	(Maryland, MD )
Columbia	Commonly misspelled as Colubia	(Maryland, MD )
Columbus	Commonly misspelled as Calumbus	(Indiana, IN )
Columbus	Commonly misspelled as Columbas	(Indiana, IN )
Columbus	Commonly misspelled as Colubus	(Ohio, OH )
Colville	Commonly misspelled as Colvile	(Washington, WA )
Compton	Commonly misspelled as Comptan	(California, CA )
Compton	Commonly misspelled as Compten	(California, CA )
Concord	Commonly misspelled as Concerd	(New Hampshire, NH )
Conway	Commonly misspelled as Conaway	(Arkansas, AR )
Conway	Commonly misspelled as Connway	(Arkansas, AR )
Cooperstown	Commonly misspelled as Cooperston	(New York, NY )
Cooperstown	Commonly misspelled as Coperstown	(New York, NY )
Coral Springs	Commonly misspelled as Corel Springs	(Florida, FL )
Cordele	Commonly misspelled as Cordell	(Georgia, GA )
Corning	Commonly misspelled as Cornning	(California, CA )
Corning	Commonly misspelled as Cornning	(New York, NY )
Corona	Commonly misspelled as Carona	(California, CA )
Corsicana	Commonly misspelled as Coricana	(Texas, TX )
Corsicana	Commonly misspelled as Corsikana	(Texas, TX )
Cottonwood Heights	Commonly misspelled as Cotonwood Heights	(Utah, UT )
Cottonwood Heights	Commonly misspelled as Cottonwod Heights	(Utah, UT )
Cozad	Commonly misspelled as Cosad	(Nebraska, NE )
Cozad	Commonly misspelled as Cozzad	(Nebraska, NE )
Cranford	Commonly misspelled as Cranferd	(New Jersey, NJ )
Crawford	Commonly misspelled as Crawferd	(Nebraska, NE )
Creede	Commonly misspelled as Crede	(Colorado, CO )
Creede	Commonly misspelled as Creed	(Colorado, CO )
Crested Butte	Commonly misspelled as Crested But	(Colorado, CO )
Crested Butte	Commonly misspelled as Crested Bute	(Colorado, CO )
Crested Butte	Commonly misspelled as Crested Butt	(Colorado, CO )
Crisfield	Commonly misspelled as Crisfeild	(Maryland, MD )
Crystal Lake	Commonly misspelled as Crsytal Lake	(Illinois, IL )
Cuero	Commonly misspelled as Ceuro	(Texas, TX )
Cuero	Commonly misspelled as Cuaro	(Texas, TX )
D
Dalton	Commonly misspelled as Dawlten	(Georgia, GA )
Dalton	Commonly misspelled as Dawlton	(Georgia, GA )
Daly City	Commonly misspelled as Dally City	(California, CA )
Danbury	Commonly misspelled as Danbery	(Connecticut, CT )
Dannebrog	Commonly misspelled as Danebrog	(Nebraska, NE )
Dannebrog	Commonly misspelled as Dannesborg	(Nebraska, NE )
Danville	Commonly misspelled as Danvile	(Kentucky, KY )
Davis	Commonly misspelled as Daveis	(California, CA )
Davis	Commonly misspelled as Dayvis	(California, CA )
Davison	Commonly misspelled as Davisen	(Michigan, MI )
Dawsen	Commonly misspelled as Dawsin	(Georgia, GA )
Dayton	Commonly misspelled as Daeton	(Ohio, OH )
Dayton	Commonly misspelled as Daytown	(Ohio, OH )
Decatur	Commonly misspelled as Decater	(Alabama, AL )
Decatur	Commonly misspelled as Decauter	(Alabama, AL )
Decatur	Commonly misspelled as Decautur	(Alabama, AL )
Deer Trail	Commonly misspelled as Dear Trail	(Colorado, CO )
DeKalb	Commonly misspelled as Decalb	(Illinois, IL )
DeKalb	Commonly misspelled as DeeKalb	(Illinois, IL )
Deland	Commonly misspelled as Daland	(Florida, FL )
Delphos	Commonly misspelled as Delphis	(Ohio, OH )
Delphos	Commonly misspelled as Delphus	(Ohio, OH )
Demopolis	Commonly misspelled as Demopalis	(Alabama, AL )
Denver	Commonly misspelled as Denvar	(Colorado, CO )
Denville	Commonly misspelled as Denvile	(New Jersey, NJ )
Derby	Commonly misspelled as Darby	(Connecticut, CT )
Derry	Commonly misspelled as Dery	(New Hampshire, NH )
Des Allemands	Commonly misspelled as Des Alemands	(Louisiana, LA )
Des Moines	Commonly misspelled as Des Monies	(Iowa, IA )
Detroit	Commonly misspelled as Detriot	(Michigan, MI )
Dickinson	Commonly misspelled as Dicinson	(North Dakota, ND )
Dinuba	Commonly misspelled as Dinuuba	(California, CA )
Dodge City	Commonly misspelled as Dogde City	(Kansas, KS )
Douglas	Commonly misspelled as Duoglas	(Alabama, AL )
Douglas	Commonly misspelled as Doglas	(Wyoming, WY )
Dove Creek	Commonly misspelled as Dove Creak	(Colorado, CO )
Dover	Commonly misspelled as Dovar	(Delaware, DE )
Drayton	Commonly misspelled as Draytown	(North Dakota, ND )
Drumright	Commonly misspelled as Drumrite	(Oklahoma, OK )
Dubach	Commonly misspelled as Debach	(Louisiana, LA )
Duluth	Commonly misspelled as Deluth	(Minnesota, MN )
Dumas	Commonly misspelled as Domas	(Arkansas, AR )
Dumas	Commonly misspelled as Dummas	(Arkansas, AR )
Duncanville	Commonly misspelled as Duncanvile	(Texas, TX )
Durango	Commonly misspelled as Derango	(Colorado, CO )
Dyersville	Commonly misspelled as Dyersvile	(Iowa, IA )
Dyersville	Commonly misspelled as Dyerville	(Iowa, IA )
E
Eagle Lake	Commonly misspelled as Aegle Lake	(Texas, TX )
Eaton	Commonly misspelled as Eeton	(Colorado, CO )
Eau Claire	Commonly misspelled as Eu Claire	(Michigan, MI )
Edgewater	Commonly misspelled as Egdewater	(Colorado, CO )
El Paso	Commonly misspelled as Eil Paso	(Texas, TX )
El Paso	Commonly misspelled as Il Pase	(Texas, TX )
El Paso	Commonly misspelled as L'Paso	(Texas, TX )
El Reno	Commonly misspelled as El Rino	(Oklahoma, OK )
El Reno	Commonly misspelled as L Rino	(Oklahoma, OK )
Elberton	Commonly misspelled as Elberten	(Georgia, GA )
Elberton	Commonly misspelled as Elbertun	(Georgia, GA )
Elgin	Commonly misspelled as Elgen	(South Carolina, SC )
Elgin	Commonly misspelled as Lgen	(South Carolina, SC )
Elgin	Commonly misspelled as Lgin	(South Carolina, SC )
Elgin	Commonly misspelled as Elgen	(Texas, TX )
Elizabethton	Commonly misspelled as Elisabethton	(Tennessee, TN )
Elizabethton	Commonly misspelled as Elizabetham	(Tennessee, TN )
Elizabethton	Commonly misspelled as Elizabethten	(Tennessee, TN )
Elkhart	Commonly misspelled as Elkheart	(Indiana, IN )
Elkhart	Commonly misspelled as Ellkhart	(Indiana, IN )
Emerson	Commonly misspelled as Emmerson	(Arkansas, AR )
Emmetsburg	Commonly misspelled as Emetsburg	(Iowa, IA )
Emmetsburg	Commonly misspelled as Emmitsburg	(Iowa, IA )
Enumclaw	Commonly misspelled as Imunclaw	(Washington, WA )
Erie	Commonly misspelled as Eerie	(Pennsylvania, PA )
Erie	Commonly misspelled as Erei	(Pennsylvania, PA )
Erwin	Commonly misspelled as Irwin	(North Carolina, NC )
Eufaula	Commonly misspelled as Ufaula	(Alabama, AL )
Eugene	Commonly misspelled as Eugean	(Oregon, OR )
Eugene	Commonly misspelled as Ugene	(Oregon, OR )
Eustis	Commonly misspelled as Eutes	(Florida, FL )
Eustis	Commonly misspelled as Ustis	(Florida, FL )
F
Fairfield	Commonly misspelled as Fairfeild	(Iowa, IA )
Fallbrook	Commonly misspelled as Fallbroock	(California, CA )
Fallon	Commonly misspelled as Falon	(Nevada, NV )
Farmington	Commonly misspelled as Farmingten	(Maine, ME )
Fayetteville	Commonly misspelled as Faeteville	(Arkansas, AR )
Fayetteville	Commonly misspelled as Faetteville	(Arkansas, AR )
Fayetteville	Commonly misspelled as Fayeteville	(Arkansas, AR )
Fayetteville	Commonly misspelled as Fayettville	(Arkansas, AR )
Fayetteville	Commonly misspelled as Fayetville	(Arkansas, AR )
Fayetteville	Commonly misspelled as Fayetevile	(North Carolina, NC )
Fayetteville	Commonly misspelled as Fayeteville	(North Carolina, NC )
Fayetteville	Commonly misspelled as Fayettevile	(North Carolina, NC )
Fayetteville	Commonly misspelled as Fayetvile	(North Carolina, NC )
Fayetteville	Commonly misspelled as Fayetville	(North Carolina, NC )
Fernandina Beach	Commonly misspelled as Fernadina Beach	(Florida, FL )
Fernandina Beach	Commonly misspelled as Fernandena Beach	(Florida, FL )
Flagstaff	Commonly misspelled as Flagstaf	(Arizona, AZ )
Florida	Commonly misspelled as Floorida	(New York, NY )
Forestville	Commonly misspelled as Forestvile	(California, CA )
Forestville	Commonly misspelled as Forrestville	(California, CA )
Fort Collins	Commonly misspelled as Fort Colins	(Colorado, CO )
Fort Dodge	Commonly misspelled as Fort Dogde	(Iowa, IA )
Fort Lauderdale	Commonly misspelled as Fort Laderdale	(Florida, FL )
Fort Lee	Commonly misspelled as Fort Le	(New Jersey, NJ )
Fort Myers	Commonly misspelled as Fort Miers	(Florida, FL )
Fort Payne	Commonly misspelled as Fort Pane	(Alabama, AL )
Fort Thompson	Commonly misspelled as Fort Tompson	(South Dakota, SD )
Fort Wayne	Commonly misspelled as Fort Waine	(Indiana, IN )
Fort Wayne	Commonly misspelled as Fort Wayn	(Indiana, IN )
Fort Worth	Commonly misspelled as Fort Wort	(Texas, TX )
Fortescue	Commonly misspelled as Fortesceu	(New Jersey, NJ )
Fortescue	Commonly misspelled as Fortescu	(New Jersey, NJ )
Fruita	Commonly misspelled as Fruta	(Colorado, CO )
Fulton	Commonly misspelled as Fullton	(New York, NY )
G
Gainesville	Commonly misspelled as Gainsvile	(Florida, FL )
Gainesville	Commonly misspelled as Gainsvile	(Georgia, GA )
Galilee	Commonly misspelled as Galalee	(Rhode Island, RI )
Galilee	Commonly misspelled as Gallilee	(Rhode Island, RI )
Gallup	Commonly misspelled as Gallop	(New Mexico, NM )
Galveston	Commonly misspelled as Galverten	(Texas, TX )
Galveston	Commonly misspelled as Galvestin	(Texas, TX )
Gary	Commonly misspelled as Garry	(Indiana, IN )
Gaylord	Commonly misspelled as Gaelord	(Michigan, MI )
Genoa	Commonly misspelled as Genao	(Nevada, NV )
Gilroy	Commonly misspelled as Gillroy	(California, CA )
Girard	Commonly misspelled as Girad	(Kansas, KS )
Glendale	Commonly misspelled as Glendele	(California, CA )
Glendive	Commonly misspelled as Glendeve	(Montana, MT )
Gloucester	Commonly misspelled as Glocester	(Massachusetts, MA )
Gloucester	Commonly misspelled as Glochester	(Massachusetts, MA )
Goleta	Commonly misspelled as Goeleta	(California, CA )
Goleta	Commonly misspelled as Golleta	(California, CA )
Gonzales	Commonly misspelled as Gonzals	(Louisiana, LA )
Granville	Commonly misspelled as Granvile	(New York, NY )
Greeley	Commonly misspelled as Greely	(Colorado, CO )
Greeley	Commonly misspelled as Greley	(Colorado, CO )
Green Forest	Commonly misspelled as Green Forrest	(Arkansas, AR )
Greenfield	Commonly misspelled as Greenfeild	(California, CA )
Greenville	Commonly misspelled as Greenvile	(Alabama, AL )
Greenville	Commonly misspelled as Greenvile	(South Carolina, SC )
Greenwood	Commonly misspelled as Greenwod	(South Carolina, SC )
Gridley	Commonly misspelled as Grideley	(California, CA )
Griffin	Commonly misspelled as Grifin	(Georgia, GA )
Griggsville	Commonly misspelled as Griggsvile	(Illinois, IL )
Griggsville	Commonly misspelled as Grigsville	(Illinois, IL )
Grinnell	Commonly misspelled as Grinell	(Iowa, IA )
Grinnell	Commonly misspelled as Grinnel	(Iowa, IA )
Groton	Commonly misspelled as Groten	(Connecticut, CT )
Groton	Commonly misspelled as Growton	(Connecticut, CT )
Gueydan	Commonly misspelled as Geuydan	(Louisiana, LA )
Gulfport	Commonly misspelled as Gulf port	(Mississippi, MS )
H
Hacienda Heights	Commonly misspelled as Hacenda Heights	(California, CA )
Hacienda Heights	Commonly misspelled as Haicenda Heights	(California, CA )
Hacienda Heights	Commonly misspelled as Haisenda Heights	(California, CA )
Hacienda Heights	Commonly misspelled as Hasenda Heights	(California, CA )
Hadley	Commonly misspelled as Hadly	(Massachusetts, MA )
Hagerstown	Commonly misspelled as Hagerston	(Maryland, MD )
Hagerstown	Commonly misspelled as Hagerton	(Maryland, MD )
Haines	Commonly misspelled as Hains	(Alaska, AK )
Haines	Commonly misspelled as Haynes	(Alaska, AK )
Haines	Commonly misspelled as Hayns	(Alaska, AK )
Haines City	Commonly misspelled as Hanies City	(Florida, FL )
Haines City	Commonly misspelled as Haynes City	(Florida, FL )
Haleyville	Commonly misspelled as Haleyvile	(Alabama, AL )
Hamden	Commonly misspelled as Hamdin	(Connecticut, CT )
Hamilton	Commonly misspelled as Hamelton	(Texas, TX )
Hamilton	Commonly misspelled as Hamiltown	(Texas, TX )
Hammondsport	Commonly misspelled as Hamondsport	(New York, NY )
Hannibal	Commonly misspelled as Hanibal	(Missouri, MO )
Hartford	Commonly misspelled as Hartferd	(Connecticut, CT )
Hartselle	Commonly misspelled as Hartsele	(Alabama, AL )
Hastings	Commonly misspelled as Hasting	(Nebraska, NE )
Hattiesburg	Commonly misspelled as Hatiesburg	(Mississippi, MS )
Hattiesburg	Commonly misspelled as Hattesburg	(Mississippi, MS )
Haverstraw	Commonly misspelled as Haversstraw	(New York, NY )
Haysville	Commonly misspelled as Haysvile	(Kansas, KS )
Hercules	Commonly misspelled as Heracles	(California, CA )
Hercules	Commonly misspelled as Hercales	(California, CA )
Hershey	Commonly misspelled as Hershy	(Pennsylvania, PA )
Hershey	Commonly misspelled as Hurshy	(Pennsylvania, PA )
Hialeah	Commonly misspelled as Hialaeh	(Florida, FL )
Hialeah	Commonly misspelled as Hialeh	(Florida, FL )
Hialeah	Commonly misspelled as Hileah	(Florida, FL )
Holtville	Commonly misspelled as Holtvile	(California, CA )
Holyoke	Commonly misspelled as Hollyoak	(Massachusetts, MA )
Holyoke	Commonly misspelled as Hollyoke	(Massachusetts, MA )
Holyoke	Commonly misspelled as Holyoak	(Massachusetts, MA )
Honaker	Commonly misspelled as Honerker	(Virginia, VA )
Honaker	Commonly misspelled as Hunaker	(Virginia, VA )
Honolulu	Commonly misspelled as Honnolulu	(Hawaii, HI )
Honolulu	Commonly misspelled as Honololu	(Hawaii, HI )
Honolulu	Commonly misspelled as Honoluluu	(Hawaii, HI )
Hot Springs	Commonly misspelled as Hot Spring	(Arkansas, AR )
Houston	Commonly misspelled as Hoston	(Texas, TX )
Houston	Commonly misspelled as Houstin	(Texas, TX )
Houston	Commonly misspelled as Huoston	(Texas, TX )
Houston	Commonly misspelled as Huston	(Texas, TX )
Hueytown	Commonly misspelled as Heuytown	(Alabama, AL )
Huntington Beach	Commonly misspelled as Huntingdon Beach	(California, CA )
Huntley	Commonly misspelled as Huntly	(Illinois, IL )
Huntsville	Commonly misspelled as Huntsvile	(Alabama, AL )
Huntsville	Commonly misspelled as Huntsvile	(Texas, TX )
I
Ilwaco	Commonly misspelled as Llwaco	(Washington, WA )
Independance	Commonly misspelled as Indepandence	(Missouri, MO )
Indiana	Commonly misspelled as Indianna	(Pennsylvania, PA )
Indio	Commonly misspelled as Indeo	(California, CA )
Inianapolis	Commonly misspelled as Indianaopolis	(Indiana, IN )
Inola	Commonly misspelled as Enola	(Oklahoma, OK )
Inola	Commonly misspelled as Inolah	(Oklahoma, OK )
Isleton	Commonly misspelled as Iselton	(California, CA )
Isleton	Commonly misspelled as Isletun	(California, CA )
Isleton	Commonly misspelled as Istelon	(California, CA )
J
Jackson	Commonly misspelled as Jakson	(Michigan, MI )
Jackson	Commonly misspelled as Jakson	(Mississippi, MS )
Jacksonville	Commonly misspelled as Jacksonvile	(Alabama, AL )
Jacksonville	Commonly misspelled as Jacksonvile	(Florida, FL )
Jamestown	Commonly misspelled as Jameston	(North Dakota, ND )
Jasper	Commonly misspelled as Japser	(Arkansas, AR )
Jennings	Commonly misspelled as Jenings	(Kansas, KS )
Jennings	Commonly misspelled as Jenings	(Louisiana, LA )
Jerome	Commonly misspelled as Jerom	(Arizona, AZ )
Jersey City	Commonly misspelled as Jersy City	(New Jersey, NJ )
Johnson City	Commonly misspelled as Johnsson City	(Tennessee, TN )
Johnstown	Commonly misspelled as Johnston	(Pennsylvania, PA )
Joliet	Commonly misspelled as Joeliet	(Illinois, IL )
Joliet	Commonly misspelled as Jolliet	(Illinois, IL )
Jonesboro	Commonly misspelled as Jonesborough	(Arkansas, AR )
Jonesboro	Commonly misspelled as Jonesburo	(Arkansas, AR )
Jonesborough	Commonly misspelled as Jonesboro	(Tennessee, TN )
Juneau	Commonly misspelled as Jeenay	(Alaska, AK )
Juneau	Commonly misspelled as Jenau	(Alaska, AK )
Juneau	Commonly misspelled as Junaeu	(Alaska, AK )
Juneau	Commonly misspelled as Junaeu	(Alaska, AK )
K
Kalamazoo	Commonly misspelled as Calamazoo	(Michigan, MI )
Kalamazoo	Commonly misspelled as Kalamazo	(Michigan, MI )
Kalispell	Commonly misspelled as Kalispel	(Montana, MT )
Kalispell	Commonly misspelled as Kalisspell	(Montana, MT )
Kannapolis	Commonly misspelled as Kanapolis	(North Carolina, NC )
Kansas City	Commonly misspelled as Kansus City	(Kansas, KS )
Kansas City	Commonly misspelled as Kanses City	(Missouri, MO )
Kaufman	Commonly misspelled as Caufman	(Texas, TX )
Kaufman	Commonly misspelled as Kafman	(Texas, TX )
Kaufman	Commonly misspelled as Kufman	(Texas, TX )
Keansburg	Commonly misspelled as Keansberg	(New Jersey, NJ )
Keene	Commonly misspelled as Kene	(New Hampshire, NH )
Keene	Commonly misspelled as Kenne	(New Hampshire, NH )
Keizer	Commonly misspelled as Kaiser	(Oregon, OR )
Keizer	Commonly misspelled as Kaizer	(Oregon, OR )
Keizer	Commonly misspelled as Keiser	(Oregon, OR )
Keizer	Commonly misspelled as Keizar	(Oregon, OR )
Kelso	Commonly misspelled as Kellso	(Washington, WA )
Kenai	Commonly misspelled as Kanai	(Alaska, AK )
Kenai	Commonly misspelled as Keani	(Alaska, AK )
Kenai	Commonly misspelled as Kenei	(Alaska, AK )
Kenai	Commonly misspelled as Kinai	(Alaska, AK )
Kennesaw	Commonly misspelled as Kenesaw	(Georgia, GA )
Kennesaw	Commonly misspelled as Kennisaw	(Georgia, GA )
Kenton	Commonly misspelled as Kenten	(Tennessee, TN )
Keokuk	Commonly misspelled as Keokuck	(Iowa, IA )
Keokuk	Commonly misspelled as Kiokuck	(Iowa, IA )
Keokuk	Commonly misspelled as Kiokuk	(Iowa, IA )
Ketchikan	Commonly misspelled as Kechikan	(Alaska, AK )
Ketchikan	Commonly misspelled as Kecthikan	(Alaska, AK )
Ketchikan	Commonly misspelled as Ketchekan	(Alaska, AK )
Kewanee	Commonly misspelled as Kewane	(Illinois, IL )
Kewanee	Commonly misspelled as Kewanne	(Illinois, IL )
Kingsville	Commonly misspelled as Kingsvile	(Texas, TX )
Kirkland	Commonly misspelled as Kirikland	(Washington, WA )
Kirkwood	Commonly misspelled as Kircwood	(Missouri, MO )
Kirwin	Commonly misspelled as Kerwin	(Kansas, KS )
Kirwin	Commonly misspelled as Kirwen	(Kansas, KS )
Knik	Commonly misspelled as Kuhnick	(Alaska, AK )
Knik	Commonly misspelled as Kunik	(Alaska, AK )
Knik	Commonly misspelled as Nik	(Alaska, AK )
Knoxville	Commonly misspelled as Knoxvile	(Tennessee, TN )
Kodiak	Commonly misspelled as Codiak	(Alaska, AK )
Kodiak	Commonly misspelled as Kodiac	(Alaska, AK )
Kokomo	Commonly misspelled as Cocomo	(Indiana, IN )
Kokomo	Commonly misspelled as Kocomo	(Indiana, IN )
L
La Crosse	Commonly misspelled as La Crose	(Kansas, KS )
Lafayatte	Commonly misspelled as Lafayate	(Louisiana, LA )
Lafayatte	Commonly misspelled as Lafayatt	(Louisiana, LA )
Lake Benton	Commonly misspelled as Lake Benten	(Minnesota, MN )
Lake Benton	Commonly misspelled as Lake Binton	(Minnesota, MN )
Lake Oswego	Commonly misspelled as Lake Auswego	(Oregon, OR )
Laramie	Commonly misspelled as Laramy	(Wyoming, WY )
Las Vegas	Commonly misspelled as Las Vagas	(Nevada, NV )
Lathrop	Commonly misspelled as Lathrup	(Missouri, MO )
Lebanon	Commonly misspelled as Lebannon	(Tennessee, TN )
Lebanon	Commonly misspelled as Lebanonn	(Tennessee, TN )
Lecompte	Commonly misspelled as Lecompt	(Louisiana, LA )
Lenexa	Commonly misspelled as Leneksa	(Kansas, KS )
Lenoir City	Commonly misspelled as Lenor	(Tennessee, TN )
Leola	Commonly misspelled as Leeola	(South Dakota, SD )
Leola	Commonly misspelled as Loela	(South Dakota, SD )
Leoti	Commonly misspelled as Loeti	(Kansas, KS )
Lewes	Commonly misspelled as Leuus	(Delaware, DE )
Lewes	Commonly misspelled as Lewis	(Delaware, DE )
Lexington	Commonly misspelled as Lexingtown	(Kentucky, KY )
Lexington	Commonly misspelled as Lexingtown	(Massachusetts, MA )
Limon	Commonly misspelled as Lemon	(Colorado, CO )
Lincoln	Commonly misspelled as Linclon	(Alabama, AL )
Lincoln	Commonly misspelled as Linculn	(Alabama, AL )
Lincoln	Commonly misspelled as Linclon	(Nebraska, NE )
Linden	Commonly misspelled as Lindin	(California, CA )
Lindsborg	Commonly misspelled as Lindborg	(Kansas, KS )
Lithonia	Commonly misspelled as Lethonia	(Georgia, GA )
Little Rock	Commonly misspelled as Littel Rock	(Arkansas, AR )
Lockport	Commonly misspelled as Lokport	(New York, NY )
Lodi	Commonly misspelled as Laudy	(California, CA )
Lodi	Commonly misspelled as Lody	(California, CA )
Lodi	Commonly misspelled as Lordy	(California, CA )
Lodi	Commonly misspelled as Lowdy	(California, CA )
Lombard	Commonly misspelled as Lomberd	(Illinois, IL )
Lompac	Commonly misspelled as Lompack	(California, CA )
Lompac	Commonly misspelled as Lumpac	(California, CA )
Lompac	Commonly misspelled as Lumpack	(California, CA )
Long Beach	Commonly misspelled as Long Baech	(California, CA )
Long Beach	Commonly misspelled as Long Beech	(California, CA )
Los Angeles	Commonly misspelled as Los Angels	(California, CA )
Los Angeles	Commonly misspelled as Los Angleles	(California, CA )
Los Angeles	Commonly misspelled as Los Angles	(California, CA )
Louisville	Commonly misspelled as Louisvile	(Kentucky, KY )
Loup City	Commonly misspelled as Loop City	(Nebraska, NE )
Lowell	Commonly misspelled as Lowel	(Arkansas, AR )
Lowell	Commonly misspelled as Lowel	(Massachusetts, MA )
Lynchburg	Commonly misspelled as Lenchburg	(Virginia, VA )
Lynchburg	Commonly misspelled as Lynchberg	(Virginia, VA )
M
Machester	Commonly misspelled as Mancester	(New Hampshire, NH )
Madison	Commonly misspelled as Madisen	(Wisconsin, WI )
Maggie Valley	Commonly misspelled as Magie Valley	(North Carolina, NC )
Malvern	Commonly misspelled as Mallvern	(Arkansas, AR )
Malvern	Commonly misspelled as Malverne	(Arkansas, AR )
Manchester	Commonly misspelled as Manchestar	(Connecticut, CT )
Manhattan	Commonly misspelled as Manhatan	(Kansas, KS )
Manhattan	Commonly misspelled as Manhatan	(New York, NY )
Mannford	Commonly misspelled as Manferd	(Oklahoma, OK )
Mannford	Commonly misspelled as Manford	(Oklahoma, OK )
Mannford	Commonly misspelled as Mannferd	(Oklahoma, OK )
Marion	Commonly misspelled as Maryon	(Indiana, IN )
Marionville	Commonly misspelled as Marionvile	(Missouri, MO )
Marysville	Commonly misspelled as Marrysvile	(California, CA )
Marysville	Commonly misspelled as Marrysville	(California, CA )
Marysville	Commonly misspelled as Marysvile	(California, CA )
Marysville	Commonly misspelled as Marysvile	(Kansas, KS )
Mattoon	Commonly misspelled as Maton	(Illinois, IL )
Mattoon	Commonly misspelled as Matton	(Illinois, IL )
McAllen	Commonly misspelled as MacAlen	(Texas, TX )
McAllen	Commonly misspelled as MacAllen	(Texas, TX )
McAllen	Commonly misspelled as McAlen	(Texas, TX )
McCloud	Commonly misspelled as MacCloud	(California, CA )
McCloud	Commonly misspelled as MCloud	(California, CA )
McMinnville	Commonly misspelled as McMinnvile	(Tennessee, TN )
McMinnville	Commonly misspelled as McMinvile	(Tennessee, TN )
McMinnville	Commonly misspelled as McMinville	(Tennessee, TN )
Medfield	Commonly misspelled as Medfeild	(Massachusetts, MA )
Melbourne	Commonly misspelled as Melborn	(Florida, FL )
Melbourne	Commonly misspelled as Melborne	(Florida, FL )
Melbourne	Commonly misspelled as Melburne	(Florida, FL )
Memphis	Commonly misspelled as Memfis	(Tennessee, TN )
Merced	Commonly misspelled as Merked	(California, CA )
Merced	Commonly misspelled as Murced	(California, CA )
Meredith	Commonly misspelled as Meridith	(New Hampshire, NH )
Meriden	Commonly misspelled as Mariden	(Connecticut, CT )
Meriden	Commonly misspelled as Merriden	(Connecticut, CT )
Meriden	Commonly misspelled as Meryden	(Connecticut, CT )
Merseilles	Commonly misspelled as Merseiles	(Illinois, IL )
Merseilles	Commonly misspelled as Merselles	(Illinois, IL )
Merseilles	Commonly misspelled as Mersiles	(Illinois, IL )
Mesick	Commonly misspelled as Misick	(Michigan, MI )
Metropolis	Commonly misspelled as Metropalis	(Illinois, IL )
Miami	Commonly misspelled as Maimi	(Florida, FL )
Miami	Commonly misspelled as Miame	(Florida, FL )
Miami	Commonly misspelled as Myame	(Florida, FL )
Miami	Commonly misspelled as Myami	(Florida, FL )
Middletown	Commonly misspelled as Midletown	(Connecticut, CT )
Midlothian	Commonly misspelled as Midlothien	(Texas, TX )
Midlothian	Commonly misspelled as Mildthoian	(Texas, TX )
Milipitas	Commonly misspelled as Milepeters	(California, CA )
Milipitas	Commonly misspelled as Milipiters	(California, CA )
Milipitas	Commonly misspelled as Millipeters	(California, CA )
Milipitas	Commonly misspelled as Millipitas	(California, CA )
Millinocket	Commonly misspelled as Milinocket	(Maine, ME )
Millinocket	Commonly misspelled as Millinoket	(Maine, ME )
Milpitas	Commonly misspelled as Milepitas	(California, CA )
Milwaukee	Commonly misspelled as Milwake	(Wisconsin, WI )
Milwaukee	Commonly misspelled as Milwakee	(Wisconsin, WI )
Minneapolis	Commonly misspelled as Mineapolis	(Minnesota, MN )
Minneapolis	Commonly misspelled as Minnapolis	(Minnesota, MN )
Minneapolis	Commonly misspelled as Minneaoplis	(Minnesota, MN )
Mishawaka	Commonly misspelled as Meshawaka	(Indiana, IN )
Mishawaka	Commonly misspelled as Mishawacka	(Indiana, IN )
Missoula	Commonly misspelled as Misoula	(Montana, MT )
Missoula	Commonly misspelled as Missola	(Montana, MT )
Missoula	Commonly misspelled as Missula	(Montana, MT )
Modesto	Commonly misspelled as Modisto	(California, CA )
Monterey	Commonly misspelled as Montery	(California, CA )
Montgomery	Commonly misspelled as Muntgomery	(Alabama, AL )
Montgomery	Commonly misspelled as Mountgomery	(Minnesota, MN )
Montgomery	Commonly misspelled as Muntgomery	(Minnesota, MN )
Monticello	Commonly misspelled as Monticelo	(Minnesota, MN )
Morton	Commonly misspelled as Morten	(Illinois, IL )
Mount Ida	Commonly misspelled as Mount Idah	(Arkansas, AR )
Mount Pleasant	Commonly misspelled as Mount Plaesent	(Texas, TX )
Mount Pleasant	Commonly misspelled as Mount Pleasant	(Texas, TX )
Mount Pleasant	Commonly misspelled as Mount Pleasent	(Texas, TX )
Mountain View	Commonly misspelled as Mountain Veiw	(Arkansas, AR )
Muskegon	Commonly misspelled as Muskigon	(Michigan, MI )
Myrtle Beach	Commonly misspelled as Mertle Beach	(South Carolina, SC )
N
Naperville	Commonly misspelled as Napervile	(Illinois, IL )
Nashua	Commonly misspelled as Nashuwa	(New Hampshire, NH )
Nashville	Commonly misspelled as Nashvile	(Arkansas, AR )
Nashville	Commonly misspelled as Nashvile	(Georgia, GA )
Nashville	Commonly misspelled as Nashvile	(Tennessee, TN )
Naugatauk	Commonly misspelled as Nagatuck	(Connecticut, CT )
Naugatauk	Commonly misspelled as Naguatuck	(Connecticut, CT )
Naugatauk	Commonly misspelled as Nagutuck	(Connecticut, CT )
Naugatauk	Commonly misspelled as Naugatack	(Connecticut, CT )
Naugatauk	Commonly misspelled as Naugatuck	(Connecticut, CT )
Nederland	Commonly misspelled as Nedarland	(Colorado, CO )
Neosho	Commonly misspelled as Noesho	(Missouri, MO )
New Britain	Commonly misspelled as New Britin	(Connecticut, CT )
New Brunswick	Commonly misspelled as Brenswick	(New Jersey, NJ )
New Brunswick	Commonly misspelled as Brunswik	(New Jersey, NJ )
New Castle	Commonly misspelled as New Castel	(Pennsylvania, PA )
New Haven	Commonly misspelled as New Havan	(Connecticut, CT )
New Haven	Commonly misspelled as New Heaven	(Connecticut, CT )
New Orleans	Commonly misspelled as New Orlaens	(Louisiana, LA )
New Rochelle	Commonly misspelled as New Rochele	(New York, NY )
New Rochelle	Commonly misspelled as New Roshele	(New York, NY )
New Rochelle	Commonly misspelled as New Roshelle	(New York, NY )
New Ulm	Commonly misspelled as New Elm	(Minnesota, MN )
New York	Commonly misspelled as New York City	(New York, NY )
New York	Commonly misspelled as New Yurk City	(New York, NY )
New York	Commonly misspelled as nyc	(New York, NY )
Newark	Commonly misspelled as Neuark	(New Jersey, NJ )
Newberry	Commonly misspelled as Newbury	(Michigan, MI )
Newberry	Commonly misspelled as Nuberry	(Michigan, MI )
Newburyport	Commonly misspelled as Newberyport	(Massachusetts, MA )
Newman	Commonly misspelled as Nuuman	(Georgia, GA )
Newport	Commonly misspelled as Nuuport	(Rhode Island, RI )
Niagara Falls	Commonly misspelled as Niagra Falls	(New York, NY )
Norco	Commonly misspelled as Norko	(California, CA )
Norman	Commonly misspelled as Normann	(Oklahoma, OK )
North Adams	Commonly misspelled as North Adums	(Massachusetts, MA )
North Loup	Commonly misspelled as North Loop	(Nebraska, NE )
North Platte	Commonly misspelled as North Plate	(Nebraska, NE )
North Tonawanda	Commonly misspelled as North Tonwanda	(New York, NY )
Northampton	Commonly misspelled as Northhampton	(Massachusetts, MA )
Northampton	Commonly misspelled as Northhamptown	(Massachusetts, MA )
Northfield	Commonly misspelled as Northfeild	(Minnesota, MN )
Norwich	Commonly misspelled as Norwhich	(Connecticut, CT )
Norwich	Commonly misspelled as Norwitch	(Connecticut, CT )
O
Oak Ridge	Commonly misspelled as Oak Rigde	(Tennessee, TN )
Oakland	Commonly misspelled as Okeland	(Nebraska, NE )
Ocean City	Commonly misspelled as Ocaen City	(New Jersey, NJ )
Ocoee	Commonly misspelled as Ocoei	(Florida, FL )
Ocoee	Commonly misspelled as Ocooe	(Florida, FL )
Ocoee	Commonly misspelled as Okooe	(Florida, FL )
O'Fallen	Commonly misspelled as Ofallen	(Missouri, MO )
Ogdensburg	Commonly misspelled as Odgensburg	(New York, NY )
Ogdensburg	Commonly misspelled as Ogdensberg	(New York, NY )
Okeechobee	Commonly misspelled as Oceechobe	(Florida, FL )
Okeechobee	Commonly misspelled as Oceechobee	(Florida, FL )
Okeechobee	Commonly misspelled as Okechobee	(Florida, FL )
Oklahoma City	Commonly misspelled as Oaklohoma City	(Oklahoma, OK )
Oklahoma City	Commonly misspelled as Oklaoma City	(Oklahoma, OK )
Olathe	Commonly misspelled as Olath	(Kansas, KS )
Olney	Commonly misspelled as Alnee	(Illinois, IL )
Olney	Commonly misspelled as Olnee	(Illinois, IL )
Omaha	Commonly misspelled as Omeha	(Nebraska, NE )
Onaway	Commonly misspelled as Onrway	(Michigan, MI )
Onaway	Commonly misspelled as Unaway	(Michigan, MI )
O'Neill	Commonly misspelled as Oneil	(Nebraska, NE )
O'Neill	Commonly misspelled as O'Neil	(Nebraska, NE )
Orem	Commonly misspelled as Orim	(Utah, UT )
Orem	Commonly misspelled as Urem	(Utah, UT )
Ormond Beach	Commonly misspelled as Ormend Beach	(Florida, FL )
Oroville	Commonly misspelled as Orovile	(California, CA )
Ouray	Commonly misspelled as Owray	(Colorado, CO )
Ouray	Commonly misspelled as Uray	(Colorado, CO )
Owensboro	Commonly misspelled as Owensborough	(Kentucky, KY )
Oxnard	Commonly misspelled as Oxnerd	(California, CA )
Ozark	Commonly misspelled as Osark	(Alabama, AL )
P
Pacifica	Commonly misspelled as Pacifika	(California, CA )
Pacifica	Commonly misspelled as Paecifica	(California, CA )
Paducah	Commonly misspelled as Padukah	(Kentucky, KY )
Palisade	Commonly misspelled as Palicade	(Colorado, CO )
Palm Springs	Commonly misspelled as Plam Springs	(California, CA )
Panama City Beach	Commonly misspelled as Pamama Beach	(Florida, FL )
Panama City Beach	Commonly misspelled as Pananma Beach	(Florida, FL )
Parsons	Commonly misspelled as Parsins	(Kansas, KS )
Pasadena	Commonly misspelled as Paesadena	(California, CA )
Pasadena	Commonly misspelled as Pasedena	(California, CA )
Paterson	Commonly misspelled as Patarson	(New Jersey, NJ )
Pawtucket	Commonly misspelled as Pautucket	(Rhode Island, RI )
Peabody	Commonly misspelled as Peebody	(Massachusetts, MA )
Pearsonville	Commonly misspelled as Pearsonvile	(California, CA )
Pearsonville	Commonly misspelled as Personville	(California, CA )
Pensacola	Commonly misspelled as Pensecola	(Florida, FL )
Pensacola	Commonly misspelled as Pensicola	(Florida, FL )
Peoria	Commonly misspelled as Peeoria	(Illinois, IL )
Peoria	Commonly misspelled as Peorhia	(Illinois, IL )
Perth Amboy	Commonly misspelled as Pert Amboy	(New Jersey, NJ )
Perth Amboy	Commonly misspelled as Perth Amboi	(New Jersey, NJ )
Peru	Commonly misspelled as Peruu	(Indiana, IN )
Petersburg	Commonly misspelled as Petersberg	(West Virginia, WV )
Phelps	Commonly misspelled as Felps	(New York, NY )
Philadelphia	Commonly misspelled as Philedelphia	(Pennsylvania, PA )
Philadelphia	Commonly misspelled as Philidelphia	(Pennsylvania, PA )
Philadelphia	Commonly misspelled as Piladelphia	(Pennsylvania, PA )
Phoenix	Commonly misspelled as Fenix	(Arizona, AZ )
Phoenix	Commonly misspelled as Phenix	(Arizona, AZ )
Phoenix	Commonly misspelled as Pheonix	(Arizona, AZ )
Pikeville	Commonly misspelled as Pikevile	(Kentucky, KY )
Pinehurst	Commonly misspelled as Pinhurt	(North Carolina, NC )
Pittsburg	Commonly misspelled as Pitsburg	(Kansas, KS )
Pittsburg	Commonly misspelled as Pittburg	(Kansas, KS )
Pittsburg	Commonly misspelled as Pittsburgh	(Kansas, KS )
Pittsburgh	Commonly misspelled as Pitsberg	(Pennsylvania, PA )
Pittsburgh	Commonly misspelled as Pitsburg	(Pennsylvania, PA )
Pittsburgh	Commonly misspelled as Pitsburgh	(Pennsylvania, PA )
Pittsburgh	Commonly misspelled as Pittsberg	(Pennsylvania, PA )
Pittsburgh	Commonly misspelled as Pittsburg	(Pennsylvania, PA )
Placerville	Commonly misspelled as Placervile	(California, CA )
Placerville	Commonly misspelled as Plaserville	(California, CA )
Plainfield	Commonly misspelled as Planfeild	(New Jersey, NJ )
Plano	Commonly misspelled as Planno	(Texas, TX )
Plymouth	Commonly misspelled as Plemouth	(Massachusetts, MA )
Plymouth	Commonly misspelled as Plymoth	(Massachusetts, MA )
Plymouth	Commonly misspelled as Plymuth	(Massachusetts, MA )
Pocatello	Commonly misspelled as Pocatelo	(Idaho, ID )
Ponchatoula	Commonly misspelled as Poncatoula	(Louisiana, LA )
Ponchatoula	Commonly misspelled as Ponchatola	(Louisiana, LA )
Ponchatoula	Commonly misspelled as Ponchatula	(Louisiana, LA )
Portland	Commonly misspelled as Port Land	(Oregon, OR )
Pratville	Commonly misspelled as Pratvile	(Alabama, AL )
Prescott	Commonly misspelled as Prescot	(Arizona, AZ )
Presque Isle	Commonly misspelled as Preskie Isle	(Maine, ME )
Presque Isle	Commonly misspelled as Presqu Isle	(Maine, ME )
Preston	Commonly misspelled as Prestin	(Minnesota, MN )
Provincetown	Commonly misspelled as Provinceton	(Massachusetts, MA )
Provo	Commonly misspelled as Provvo	(Utah, UT )
Pueblo	Commonly misspelled as Peublo	(Colorado, CO )
Punxsutawney	Commonly misspelled as Punsutawney	(Pennsylvania, PA )
Punxsutawney	Commonly misspelled as Punsutawny	(Pennsylvania, PA )
Punxsutawney	Commonly misspelled as Punxutawney	(Pennsylvania, PA )
Punxsutawney	Commonly misspelled as Puxsutawny	(Pennsylvania, PA )
Purcell	Commonly misspelled as Percel	(Oklahoma, OK )
Purcell	Commonly misspelled as Percell	(Oklahoma, OK )
Purcell	Commonly misspelled as Persel	(Oklahoma, OK )
Purcell	Commonly misspelled as Persell	(Oklahoma, OK )
Purcell	Commonly misspelled as Purcel	(Oklahoma, OK )
Purcell	Commonly misspelled as Pursel	(Oklahoma, OK )
Q
Quincy	Commonly misspelled as Kwincy	(Illinois, IL )
Quinter	Commonly misspelled as Kwinter	(Kansas, KS )
Quitman	Commonly misspelled as Quietman	(Texas, TX )
Quitman	Commonly misspelled as Quiteman	(Texas, TX )
R
Radford	Commonly misspelled as Radferd	(Virginia, VA )
Radford	Commonly misspelled as Redford	(Virginia, VA )
Raleigh	Commonly misspelled as Raliegh	(North Carolina, NC )
Raleigh	Commonly misspelled as Ralley	(North Carolina, NC )
Randolph	Commonly misspelled as Randolf	(Nebraska, NE )
Ray	Commonly misspelled as Rae	(North Dakota, ND )
Ray	Commonly misspelled as Rae	(North Dakota, ND )
Rayne	Commonly misspelled as Rain	(Louisiana, LA )
Rayne	Commonly misspelled as Raine	(Louisiana, LA )
Rayne	Commonly misspelled as Rayn	(Louisiana, LA )
Reading	Commonly misspelled as Reeding	(Pennsylvania, PA )
Redmond	Commonly misspelled as Redmund	(Washington, WA )
Redwood City	Commonly misspelled as Redwod	(California, CA )
Redwood City	Commonly misspelled as Redwould	(California, CA )
Reedley	Commonly misspelled as Readley	(California, CA )
Reedley	Commonly misspelled as Reedly	(California, CA )
Rehoboth Beach	Commonly misspelled as Reehaboth Beach	(Delaware, DE )
Rehoboth Beach	Commonly misspelled as Reehoboth Beach	(Delaware, DE )
Rehoboth Beach	Commonly misspelled as Rihoboth Beach	(Delaware, DE )
Renfro Valley	Commonly misspelled as Rinfro	(Kentucky, KY )
Reno	Commonly misspelled as Rino	(Nevada, NV )
Rhineback	Commonly misspelled as Rineback	(New York, NY )
Richmond	Commonly misspelled as Richmend	(Virginia, VA )
Rio Rancho	Commonly misspelled as Ria Ranco	(New Mexico, NM )
Roanoke	Commonly misspelled as Roanoak	(Virginia, VA )
Roanoke	Commonly misspelled as Ronoke	(Virginia, VA )
Rochester	Commonly misspelled as Rochesster	(New Hampshire, NH )
Rochester	Commonly misspelled as Rocester	(New York, NY )
Rockland	Commonly misspelled as Rokland	(Maine, ME )
Roscoe	Commonly misspelled as Rosco	(New York, NY )
Roscoe	Commonly misspelled as Rossco	(New York, NY )
Roswell	Commonly misspelled as Roswel	(New Mexico, NM )
Rumney	Commonly misspelled as Rumknee	(New Hampshire, NH )
Rumney	Commonly misspelled as Rumnee	(New Hampshire, NH )
Rumney	Commonly misspelled as Rumny	(New Hampshire, NH )
Russell Springs	Commonly misspelled as Russel Springs	(Kansas, KS )
Rutland	Commonly misspelled as Rutlend	(Vermont, VT )
S
Sacramento	Commonly misspelled as Sackramento	(California, CA )
Sacramento	Commonly misspelled as Sackremento	(California, CA )
Sacramento	Commonly misspelled as Sacremento	(California, CA )
Saint Paul	Commonly misspelled as Siant Paul	(Minnesota, MN )
Salem	Commonly misspelled as Salam	(Massachusetts, MA )
Salem	Commonly misspelled as Selem	(Massachusetts, MA )
Salem	Commonly misspelled as Salam	(Missouri, MO )
Salem	Commonly misspelled as Salam	(New Hampshire, NH )
Salem	Commonly misspelled as Salam	(Oregon, OR )
Salina	Commonly misspelled as Salena	(Kansas, KS )
San Angelo	Commonly misspelled as San Agilo	(Texas, TX )
San Angelo	Commonly misspelled as San Angilo	(Texas, TX )
San Diego	Commonly misspelled as San Deago	(California, CA )
San Diego	Commonly misspelled as San Deigo	(California, CA )
San Diego	Commonly misspelled as San Diago	(California, CA )
San Francisco	Commonly misspelled as San Francesco	(California, CA )
San Francisco	Commonly misspelled as San Fransico	(California, CA )
San Jose	Commonly misspelled as San Hose	(California, CA )
San Jose	Commonly misspelled as San Hosey	(California, CA )
San Jose	Commonly misspelled as San Josay	(California, CA )
Sandersville	Commonly misspelled as Sandersvile	(Georgia, GA )
Sanger	Commonly misspelled as Sangar	(California, CA )
Sansom Park	Commonly misspelled as Sansem Park	(Texas, TX )
Sansom Park	Commonly misspelled as Sansum Park	(Texas, TX )
Santa Cruz	Commonly misspelled as Santa Cruise	(California, CA )
Santa Fe	Commonly misspelled as Santa Fae	(New Mexico, NM )
Santa Fe	Commonly misspelled as Santa Fay	(New Mexico, NM )
Santa Monica	Commonly misspelled as Santa Monika	(California, CA )
Santa Rosa	Commonly misspelled as Santa Rosea	(New Mexico, NM )
Sarasota	Commonly misspelled as Saraota	(Florida, FL )
Sarasota	Commonly misspelled as Sarastoa	(Florida, FL )
Saratoga	Commonly misspelled as Saratuga	(Wyoming, WY )
Saratoga Springs	Commonly misspelled as Sarahtoga Springs	(New York, NY )
Savannah	Commonly misspelled as Savanah	(Georgia, GA )
Schenectady	Commonly misspelled as Schenactdy	(New York, NY )
Schenectady	Commonly misspelled as Schenctady	(New York, NY )
Schenectady	Commonly misspelled as Schnectady	(New York, NY )
Scottsdale	Commonly misspelled as Scotdale	(Arizona, AZ )
Scottsdale	Commonly misspelled as Scotsdale	(Arizona, AZ )
Scranton	Commonly misspelled as Scrannton	(Pennsylvania, PA )
Seaford	Commonly misspelled as Seeford	(Delaware, DE )
Seaside Heights	Commonly misspelled as Seaside Hieghts	(New Jersey, NJ )
Sedalia	Commonly misspelled as Sadalia	(Missouri, MO )
Sedona	Commonly misspelled as Cedona	(Arizona, AZ )
Sedona	Commonly misspelled as Sedonna	(Arizona, AZ )
Selma	Commonly misspelled as Sellma	(California, CA )
Senatobia	Commonly misspelled as Sentaobia	(Mississippi, MS )
Senatobia	Commonly misspelled as Sentobia	(Mississippi, MS )
Severance	Commonly misspelled as Saverance	(Colorado, CO )
Severance	Commonly misspelled as Sevarance	(Colorado, CO )
Shelbyville	Commonly misspelled as Shelbyvile	(Tennessee, TN )
Shelbyville	Commonly misspelled as Shellbyvile	(Tennessee, TN )
Shelbyville	Commonly misspelled as Shellbyville	(Tennessee, TN )
Sierra Vista	Commonly misspelled as Seerra Vista	(Arizona, AZ )
Sierra Vista	Commonly misspelled as Siera Vista	(Arizona, AZ )
Siloam Springs	Commonly misspelled as Seloam Springs	(Arkansas, AR )
Siloam Springs	Commonly misspelled as Silaom Springs	(Arkansas, AR )
Sioux City	Commonly misspelled as Siou City	(Iowa, IA )
Sioux City	Commonly misspelled as Sious City	(Iowa, IA )
Sioux City	Commonly misspelled as Soux City	(Iowa, IA )
Sioux Falls	Commonly misspelled as Soux Falls	(South Dakota, SD )
Sitka	Commonly misspelled as Sitca	(Alaska, AK )
Slocomb	Commonly misspelled as Slokomb	(Alabama, AL )
Slocomb	Commonly misspelled as Slowcomb	(Alabama, AL )
Soldiers Grove	Commonly misspelled as Soilders Grave	(Wisconsin, WI )
Soldiers Grove	Commonly misspelled as Soildiers Grove	(Wisconsin, WI )
Solvang	Commonly misspelled as Sulvang	(California, CA )
Somerville	Commonly misspelled as Somervile	(Massachusetts, MA )
South Haven	Commonly misspelled as South Heven	(Michigan, MI )
Spartanburg	Commonly misspelled as Spartanberg	(South Carolina, SC )
Spencer	Commonly misspelled as Spenser	(Idaho, ID )
Spokane	Commonly misspelled as Spokan	(Washington, WA )
Springfield	Commonly misspelled as Springfeild	(Illinois, IL )
Springfield	Commonly misspelled as Springfeild	(Massachusetts, MA )
Springfield	Commonly misspelled as Springfeild	(Missouri, MO )
Springville	Commonly misspelled as Spingvile	(Utah, UT )
St. Albans	Commonly misspelled as Saint Albans	(Vermont, VT )
St. Albans	Commonly misspelled as St Albans	(Vermont, VT )
St. Cloud	Commonly misspelled as St. Cluod	(Minnesota, MN )
St. Louis	Commonly misspelled as St Louis	(Missouri, MO )
St. Martinville	Commonly misspelled as St. Martinvile	(Louisiana, LA )
St. Petersburg	Commonly misspelled as St Petersburg	(Florida, FL )
St. Petersburg	Commonly misspelled as St. Petersberg	(Florida, FL )
Stamford	Commonly misspelled as Stamferd	(Connecticut, CT )
Staten Island	Commonly misspelled as Statan Island	(New York, NY )
Staten Island	Commonly misspelled as Statin Island	(New York, NY )
Stilwell	Commonly misspelled as Stillwell	(Oklahoma, OK )
Stilwell	Commonly misspelled as Stilwel	(Oklahoma, OK )
Stockton	Commonly misspelled as Stocton	(California, CA )
Stockton	Commonly misspelled as Stokton	(California, CA )
Strongsville	Commonly misspelled as Strongsvile	(Ohio, OH )
Stuttgart	Commonly misspelled as Stutgart	(Arkansas, AR )
Stuttgart	Commonly misspelled as Stutgartt	(Arkansas, AR )
Sugar Land	Commonly misspelled as Seger Land	(Texas, TX )
Sugar Land	Commonly misspelled as Shuger Land	(Texas, TX )
Sugar Land	Commonly misspelled as Suger Land	(Texas, TX )
Sugarcreek	Commonly misspelled as Sugercreek	(Ohio, OH )
Summer	Commonly misspelled as Sumer	(Missouri, MO )
Sumner	Commonly misspelled as Sumneer	(Washington, WA )
Sun Prairie	Commonly misspelled as Sun Prarie	(Wisconsin, WI )
Sunnyvale	Commonly misspelled as Sunyvale	(California, CA )
Sylacauga	Commonly misspelled as Sylacaga	(Alabama, AL )
Sylacauga	Commonly misspelled as Sylacuga	(Alabama, AL )
T
Tacoma	Commonly misspelled as Tacomah	(Washington, WA )
Tacoma	Commonly misspelled as Takoma	(Washington, WA )
Takoma Park	Commonly misspelled as Takomma Park	(Maryland, MD )
Takoma Park	Commonly misspelled as Takuma Park	(Maryland, MD )
Talent	Commonly misspelled as Talint	(Oregon, OR )
Talent	Commonly misspelled as Telant	(Oregon, OR )
Tallahassee	Commonly misspelled as Talahase	(Florida, FL )
Tallahassee	Commonly misspelled as Talahasse	(Florida, FL )
Tallahassee	Commonly misspelled as Talahassee	(Florida, FL )
Tallahassee	Commonly misspelled as Tallahasee	(Florida, FL )
Tallahassee	Commonly misspelled as Tallahasse	(Florida, FL )
Taos	Commonly misspelled as Toas	(New Mexico, NM )
Tarpon Springs	Commonly misspelled as Tarpun Springs	(Florida, FL )
Tarpon Springs	Commonly misspelled as Terpon Springs	(Florida, FL )
Tarpon Springs	Commonly misspelled as Terpun Springs	(Florida, FL )
Tarryall	Commonly misspelled as Taryall	(Colorado, CO )
Tauton	Commonly misspelled as Taton	(Massachusetts, MA )
Tauton	Commonly misspelled as Tuton	(Massachusetts, MA )
Telluride	Commonly misspelled as Telleride	(Colorado, CO )
Telluride	Commonly misspelled as Toelleride	(Colorado, CO )
Teringua	Commonly misspelled as Terengua	(Texas, TX )
Teringua	Commonly misspelled as Teringau	(Texas, TX )
Teringua	Commonly misspelled as Tiringua	(Texas, TX )
Terre Haute	Commonly misspelled as Tere Haute	(Indiana, IN )
Terre Haute	Commonly misspelled as Terre Hate	(Indiana, IN )
Texarkana	Commonly misspelled as Texakana	(Arkansas, AR )
Texarkana	Commonly misspelled as Texerkana	(Arkansas, AR )
Texas City	Commonly misspelled as Texaz City	(Texas, TX )
Texas City	Commonly misspelled as Texsas City	(Texas, TX )
The Colony	Commonly misspelled as The Colonny	(Texas, TX )
Thomasville	Commonly misspelled as Thomasvile	(North Carolina, NC )
Toledo	Commonly misspelled as Tolado	(Ohio, OH )
Toledo	Commonly misspelled as Tolido	(Ohio, OH )
Tombstone	Commonly misspelled as Toambstone	(Arizona, AZ )
Tombstone	Commonly misspelled as Toamstone	(Arizona, AZ )
Towner	Commonly misspelled as Toner	(North Dakota, ND )
Towner	Commonly misspelled as Toner	(North Dakota, ND )
Traverse City	Commonly misspelled as Taverse City	(Michigan, MI )
Traverse City	Commonly misspelled as Travese City	(Michigan, MI )
Troy	Commonly misspelled as Troie	(New York, NY )
Tulelake	Commonly misspelled as Tuellake	(California, CA )
Tulsa	Commonly misspelled as Telsa	(Oklahoma, OK )
Tulsa	Commonly misspelled as Toolsah	(Oklahoma, OK )
Tuscaloosa	Commonly misspelled as Tucsaloosa	(Alabama, AL )
Tuscaloosa	Commonly misspelled as Tuscalosa	(Alabama, AL )
Tuscon	Commonly misspelled as Tucson	(Arizona, AZ )
Tuskegee	Commonly misspelled as Tucksegee	(Alabama, AL )
Tuskegee	Commonly misspelled as Tuskagee	(Alabama, AL )
Tyler	Commonly misspelled as Tieler	(Texas, TX )
Tyler	Commonly misspelled as Tiler	(Texas, TX )
U
Unadilla	Commonly misspelled as Unadila	(Nebraska, NE )
V
Valdosta	Commonly misspelled as Faldosta	(Georgia, GA )
Valdosta	Commonly misspelled as Valdusta	(Georgia, GA )
Valley City	Commonly misspelled as Valey City	(Ohio, OH )
Valparaiso	Commonly misspelled as Valapariso	(Indiana, IN )
Valparaiso	Commonly misspelled as Valpariso	(Indiana, IN )
Vicksburg	Commonly misspelled as Vicksberg	(Mississippi, MS )
Victoria	Commonly misspelled as Vicoria	(Texas, TX )
Victoria	Commonly misspelled as Victorhia	(Texas, TX )
Vidalia	Commonly misspelled as Vidallia	(Georgia, GA )
W
Waco	Commonly misspelled as Wacco	(Texas, TX )
Waco	Commonly misspelled as Wako	(Texas, TX )
Walla Walla	Commonly misspelled as Wala Wala	(Washington, WA )
Walla Walla	Commonly misspelled as Walawala	(Washington, WA )
Walla Walla	Commonly misspelled as Walla	(Washington, WA )
Walla Walla	Commonly misspelled as Wallawalla	(Washington, WA )
Wallace	Commonly misspelled as Walace	(Idaho, ID )
Wallace	Commonly misspelled as Wallis	(Idaho, ID )
Waltham	Commonly misspelled as Walthum	(Massachusetts, MA )
Warrensburg	Commonly misspelled as Warensberg	(Missouri, MO )
Warrensburg	Commonly misspelled as Warensburg	(Missouri, MO )
Warrensburg	Commonly misspelled as Warrensberg	(Missouri, MO )
Warroad	Commonly misspelled as Waroad	(Minnesota, MN )
Wartrace	Commonly misspelled as War Trace	(Tennessee, TN )
Wartrace	Commonly misspelled as Wartrase	(Tennessee, TN )
Warwick	Commonly misspelled as Warwic	(Georgia, GA )
Warwick	Commonly misspelled as Warwik	(Georgia, GA )
Warwick	Commonly misspelled as Warwik	(Rhode Island, RI )
Wasco	Commonly misspelled as Wasko	(California, CA )
Wasco	Commonly misspelled as Wosco	(California, CA )
Wasco	Commonly misspelled as Wosko	(California, CA )
Washington	Commonly misspelled as Washingtown	(Missouri, MO )
Waterbury	Commonly misspelled as Waterbery	(Connecticut, CT )
Waterville	Commonly misspelled as Watervile	(Maine, ME )
Watsonville	Commonly misspelled as Watsonvile	(California, CA )
Waynesboro	Commonly misspelled as Wainesboro	(Georgia, GA )
Waynesboro	Commonly misspelled as Wayneboro	(Georgia, GA )
Waynesboro	Commonly misspelled as Waynesborough	(Georgia, GA )
Waynesboro	Commonly misspelled as Waynesboru	(Georgia, GA )
Waynesville	Commonly misspelled as Waynesvile	(Ohio, OH )
Waynesville	Commonly misspelled as Wayneville	(Ohio, OH )
Weatherford	Commonly misspelled as Weatherferd	(Texas, TX )
Weatherford	Commonly misspelled as Wetherford	(Texas, TX )
Weirton	Commonly misspelled as Weirten	(West Virginia, WV )
Weirton	Commonly misspelled as Werton	(West Virginia, WV )
West Haven	Commonly misspelled as West Havan	(Connecticut, CT )
Westfield	Commonly misspelled as Westfeild	(Massachusetts, MA )
Westfield	Commonly misspelled as Westfeild	(New York, NY )
Wetumpka	Commonly misspelled as Wetempka	(Alabama, AL )
Wichita	Commonly misspelled as Wichta	(Kansas, KS )
Wickenburg	Commonly misspelled as Wikenburg	(Arizona, AZ )
Willard	Commonly misspelled as Wilard	(Ohio, OH )
Williamsburg	Commonly misspelled as Williamsberg	(Virginia, VA )
Willimantic	Commonly misspelled as Wilimantic	(Connecticut, CT )
Willimantic	Commonly misspelled as Willamantic	(Connecticut, CT )
Willits	Commonly misspelled as Wilits	(California, CA )
Willits	Commonly misspelled as Willets	(California, CA )
Wills Point	Commonly misspelled as Wils Point	(Texas, TX )
Wilmington	Commonly misspelled as Willmingten	(Delaware, DE )
Wilmington	Commonly misspelled as Willmington	(Delaware, DE )
Wilmington	Commonly misspelled as Wilmingten	(Delaware, DE )
Wilmington	Commonly misspelled as Willmington	(Illinois, IL )
Wilmington	Commonly misspelled as Willminton	(Illinois, IL )
Wilmington	Commonly misspelled as Wilminton	(Illinois, IL )
Wilmington	Commonly misspelled as Wilmingtown	(North Carolina, NC )
Wilmington	Commonly misspelled as Wilmingtown	(Ohio, OH )
Wisconsin Dells	Commonly misspelled as Winstconstin Dells	(Wisconsin, WI )
Winfield	Commonly misspelled as Winfeild	(Alabama, AL )
Winnemucca	Commonly misspelled as Winemuca	(Nevada, NV )
Winnemucca	Commonly misspelled as Winemucca	(Nevada, NV )
Winnemucca	Commonly misspelled as Winnemuca	(Nevada, NV )
Winooski	Commonly misspelled as Winokski	(Vermont, VT )
Winooski	Commonly misspelled as Winoski	(Vermont, VT )
Winston-Salem	Commonly misspelled as Winston Salam	(North Carolina, NC )
Worcester	Commonly misspelled as Wochester	(Massachusetts, MA )
Worcester	Commonly misspelled as Worchester	(Massachusetts, MA )
Worthington	Commonly misspelled as Worthingtown	(Minnesota, MN )
X
Xenia	Commonly misspelled as Senia	(Ohio, OH )
Xenia	Commonly misspelled as Xenea	(Ohio, OH )
Y
Yakima	Commonly misspelled as Yackima	(Washington, WA )
Yonkers	Commonly misspelled as Yonkars	(New York, NY )
Yonkers	Commonly misspelled as Yunkers	(New York, NY )
Yorba Linda	Commonly misspelled as Yurba Linda	(California, CA )
Yuba City	Commonly misspelled as Uba City	(California, CA )
Yuma	Commonly misspelled as Uma	(Arizona, AZ )
Z
Zanesville	Commonly misspelled as Zanesvile	(Ohio, OH )
